Male_First_Name,Female_First_Name,Last_Name,Street_Name
James,Mary,Smith,13th St
John,Patricia,Johnson,19th St
Robert,Jennifer,Williams,59th St
Michael,Linda,Jones,7th Blvd
William,Elizabeth,Brown,Abbott Pl
David,Barbara,Davis,Aberdeen Pl
Richard,Susan,Miller,Abner Pl
Joseph,Jessica,Wilson,Academy Ave
Thomas,Sarah,Moore,Accomac St
Charles,Margaret,Taylor,Acme Ave
Christopher,Karen,Anderson,Adelaide Ave
Daniel,Nancy,Thomas,Adelia Ave
Matthew,Lisa,Jackson,Adeline St
Anthony,Betty,White,Adelle Ave
Donald,Dorothy,Harris,Adkins Ave
Mark,Sandra,Martin,Adrian Dr
Paul,Ashley,Thompson,Aero Dr
Steven,Kimberly,Garcia,Agnes St
Andrew,Donna,Martinez,Al Clare Dr
Kenneth,Emily,Robinson,Alabama Ave
George,Carol,Clark,Alamo Ave
Joshua,Michelle,Rodriguez,Alaska Ave
Kevin,Amanda,Lewis,Alaskan Ct
Brian,Melissa,Lee,Alberta St
Edward,Deborah,Walker,Albertine Ave
Ronald,Stephanie,Hall,Albion Pl
Timothy,Rebecca,Allen,Alcott Ave
Jason,Laura,Young,Aldine Ave
Jeffrey,Helen,Hernandez,Aldine Ave W
Ryan,Sharon,King,Aldine Pl
Jacob,Cynthia,Wright,Alexander Dr
Gary,Kathleen,Lopez,Alexander St
Nicholas,Amy,Hill,Alfred Ave
Eric,Shirley,Scott,Algernon St
Stephen,Angela,Green,Alhambra Ct
Jonathan,Anna,Adams,Alice Ave
Larry,Ruth,Baker,Allemania St
Justin,Brenda,Gonzalez,Allen Ave
Scott,Pamela,Nelson,Allen Market Ln
Brandon,Nicole,Carter,Alma Ave
Frank,Katherine,Mitchell,Alpha Ave
Benjamin,Samantha,Perez,Altman Ave
Gregory,Christine,Roberts,Amanda St
Raymond,Catherine,Turner,Amelia Ave
Samuel,Virginia,Phillips,Amherst Pl
Patrick,Debra,Campbell,Amherst Terrace
Alexander,Rachel,Parker,Anderson Ave
Jack,Janet,Evans,Angelica St
Dennis,Emma,Edwards,Angelrodt St
Jerry,Carolyn,Collins,Ann Ave
Tyler,Maria,Stewart,Anna Ave
Aaron,Heather,Sanchez,Annetta Ave
Henry,Diane,Morris,Antelope St
Jose,Julie,Rogers,Arcade Ave
Douglas,Joyce,Reed,Archwood Ln
Peter,Evelyn,Cook,Arco Ave
Adam,Joan,Morgan,Arendes Dr
Nathan,Victoria,Bell,Argus Pl
Zachary,Kelly,Murphy,Argyle Ave
Walter,Christina,Bailey,Arkansas Ave
Kyle,Lauren,Rivera,Arlington Ave
Harold,Frances,Cooper,Armand Pl
Carl,Martha,Richardson,Arsenal St
Jeremy,Judith,Cox,Art Hill Pl
Gerald,Cheryl,Howard,Arthur Ave
Keith,Megan,Ward,Arthur Pl
Roger,Andrea,Torres,Arundel Pl
Arthur,Olivia,Peterson,Ashby Ave
Terry,Ann,Gray,Ashland Ave
Lawrence,Jean,Ramirez,Ashland Ct
Sean,Alice,James,Ashley St
Christian,Jacqueline,Watson,Aspen Dr
Ethan,Hannah,Brooks,Astra Ave
Austin,Doris,Kelly,Athlone Ave
Joe,Kathryn,Sanders,Atlantic St
Albert,Gloria,Price,Aubert Ave
Jesse,Teresa,Bennett,Aubert Ct
Willie,Sara,Wood,Audrain Dr
Billy,Janice,Barnes,Aurora Ave
Bryan,Marie,Ross,Austin Pl
Bruce,Julia,Henderson,Austria Ave
Noah,Grace,Coleman,Bacon St
Jordan,Judy,Jenkins,Baden Ave
Dylan,Theresa,Perry,Bailey Ave
Ralph,Madison,Powell,Baisch Ln
Roy,Beverly,Long,Baldwin St
Alan,Denise,Patterson,Balson Ave
Wayne,Marilyn,Hughes,Bamberger Ave
Eugene,Amber,Flores,Bancroft Ave
Juan,Danielle,Washington,Bandero Dr
Gabriel,Rose,Butler,Barat Hall Ct
Louis,Brittany,Simmons,Barat Hall Dr
Russell,Diana,Foster,Barrett St
Randy,Abigail,Gonzales,Barron Ave
Vincent,Natalie,Bryant,Bartle Ave
Philip,Jane,Alexander,Bartmer Ave
Logan,Lori,Russell,Barton St
Bobby,Alexis,Griffin,Bates St
Harry,Tiffany,Diaz,Bay St
Johnny,Kayla,Hayes,Bayard Ave
,,Myers,Beach Ave
,,Ford,Beacon Ave
,,Hamilton,Beck Ave
,,Graham,Beethoven Ave
,,Sullivan,Bell Ave
,,Wallace,Belle Glade Ave
,,Woods,Bellerive Blvd
,,Cole,Belmont Pl
,,West,Belt Ave
,,Jordan,Ben Nevis Rd
,,Owens,Bendick Ave
,,Reynolds,Benedict Ave
,,Fisher,Benjamin St
,,Ellis,Bennett Ct
,,Harrison,Bent Ave
,,Gibson,Benton Pl
,,Mcdonald,Benton St
,,Cruz,Benton Terrace
,,Marshall,Berger Ave
,,Ortiz,Bernard St
,,Gomez,Berra Ct
,,Murray,Bertha Ave
,,Freeman,Berthold Ave
,,Wells,Bessie Ave
,,Webb,Bessie Ct
,,Simpson,Beverly Ave
,,Stevens,Beverly Pl
,,Tucker,Biddle Pl
,,Porter,Biddle St
,,Hunter,Billups Ave
,,Hicks,Bingham Ave
,,Crawford,Bircher Blvd
,,Henry,Bischoff Ave
,,Boyd,Bischoff Pl
,,Mason,Bishop P L Scott Ave
,,Morales,Bishops Pl
,,Kennedy,Bissell St
,,Warren,Bittner St
,,Dixon,Blackstone Ave
,,Ramos,Blaine Ave
,,Reyes,Blair Ave
,,Burns,Blase Ave
,,Gordon,Blendon Pl
,,Shaw,Blow St
,,Holmes,Bluff Dr
,,Rice,Bluffview Dr
,,Robertson,Blumeyer St
,,Hunt,Boardman St
,,Black,Bonita Ave
,,Daniels,Botanical Ave
,,Palmer,Boulevard Heights Ct
,,Mills,Bowen St
,,Nichols,Bowman Ave
,,Grant,Bradley Ave
,,Knight,Branch St
,,Ferguson,Brannon Ave
,,Rose,Brantner Pl
,,Stone,Bremen Ave
,,Hawkins,Brennan Ave - 70 Industrial
,,Dunn,Bristol Ave
,,Perkins,Brock St
,,Hudson,Brockschmidt Pl
,,Spencer,Brookhaven Ct
,,Gardner,Brookings Dr
,,Stephens,Brooklyn St
,,Payne,Brookside Dr
,,Pierce,Brown Ave - 70 Industrial
,,Berry,Bruno Ave
,,Matthews,Brush Creek Rd
,,Arnold,Bryant St
,,Wagner,Buchanan St
,,Willis,Buchanan St
,,Ray,Buckingham Ct
,,Watkins,Buena Vista Ave
,,Olson,Bulwer Ave
,,Carroll,Burd Ave
,,Duncan,Burgen Ave
,,Snyder,Busch Pl
,,Hart,Byron Pl
,,Cunningham,C D Banks Ave
,,Bradley,Cabanne Ave
,,Lane,Cabanne Way
,,Andrews,Cadet Ave
,,Ruiz,Cahokia St
,,Harper,Cairns Pl
,,Fox,California Ave
,,Riley,Calvary Ave
,,Armstrong,Calvin Ave
,,Carpenter,Cambridge Ct
,,Weaver,Cambridge Ln
,,Greene,Camden Ct
,,Lawrence,Camellia Ave
,,Elliott,Campbell Ave
,,Chavez,Campbell Plaza
,,Sims,Canaan Ave
,,Austin,Candace Dr
,,Peters,Canterbury Ave
,,Kelley,Carlsbad Ave
,,Franklin,Carlsbad Dr
,,Lawson,Caroline St
,,Fields,Carondelet Blvd
,,Gutierrez,Carr Ln Ave
,,Ryan,Carr Ln Dr
,,Schmidt,Carr St
,,Carr,Carriage Crossing Pl Dr
,,Vasquez,Carrie Ave
,,Castillo,Carroll St
,,Wheeler,Carrsville Ct
,,Chapman,Carter Ave
,,Oliver,Carter Ave W
,,Montgomery,Casa Rosa Dr
,,Richards,Cass Ave
,,Williamson,Castle Ln
,,Johnston,Castleman Ave
,,Banks,Catalpa St
,,Meyer,Cates Ave
,,Bishop,Catherine Pl
,,Mccoy,Cave St
,,Howell,Cecil Pl
,,Alvarez,Cedar St
,,Morrison,Center Ct
,,Hansen,Central Ave
,,Fernandez,Central Ave
,,Garza,Central Industrial Dr
,,Harvey,Cerre St
,,Little,Chain Of Rocks Dr
,,Burton,Chamberlain Ave
,,Stanley,Chambers Rd
,,Nguyen,Chambers Rd Se
,,George,Chambers St
,,Jacobs,Chariton St
,,Reid,Charless St
,,Kim,Cherokee St
,,Fuller,Cherry Ln
,,Lynch,Chester St
,,Dean,Chestnut St
,,Gilbert,Chevrolet Ave
,,Garrett,Cheyenne Ct
,,Romero,Childrens Pl
,,Welch,Childress Ave
,,Larson,Chippewa St
,,Frazier,Chouteau Ave
,,Burke,Christian Ave
,,Hanson,Christianne Ct
,,Day,Christy Ave
,,Mendoza,Christy Blvd
,,Moreno,Christy Dr
,,Bowman,Church Rd
,,Medina,Cintra Ave
,,Fowler,Clara Ave
,,Brewer,Clara Pl
,,Hoffman,Clarence Ave
,,Carlson,Clarendon Ave
,,Silva,Clark Ave
,,Pearson,Claxton Ave
,,Holland,Clay Ave
,,Douglas,Clayton Ave
,,Fleming,Clayton Rd
,,Jensen,Clemens Ave
,,Vargas,Cleon St
,,Byrd,Cleveland Ave
,,Davidson,Cleveland Pl
,,Hopkins,Clifton Ave
,,May,Clifton Hills Dr
,,Terry,Clifton Park Terrace
,,Herrera,Clinton St
,,Wade,Clipper Ct
,,Soto,Clover Ln
,,Walters,Clyde Terrace
,,Curtis,Clymer Dr
,,Neal,Coal Bank Rd
,,Caldwell,Cochran Pl
,,Lowe,Cockrill St
,,Jennings,Cole St
,,Barnett,Coleman St
,,Graves,College Ave
,,Jimenez,College Dr
,,Horton,Colletta Dr
,,Shelton,Collins Ct
,,Barrett,Collins St
,,Obrien,Cologne Ave
,,Castro,Colorado Ave
,,Sutton,Columbia Ave
,,Gregory,Columbus Square Dr
,,Mckinney,Commerce Ave
,,Lucas,Commercial St
,,Miles,Commonwealth Ave
,,Craig,Compton Hill Pl
,,Rodriquez,Comstock Dr
,,Chambers,Concord Pl
,,Holt,Concordia Ave
,,Lambert,Concourse Dr
,,Fletcher,Conde St
,,Watts,Conduit Dr
,,Bates,Confederate Dr
,,Hale,Congress St
,,Rhodes,Connecticut St
,,Pena,Convent St
,,Beck,Convention Plaza
,,Newman,Cook Ave
,,Haynes,Copelin Ave
,,Mcdaniel,Cora Ave
,,Mendez,Cornelia St
,,Bush,Coronado Ave
,,Vaughn,Costa Pl
,,Parks,Cote Brilliante Ave
,,Dawson,Cote Brilliante Ave
,,Santiago,Cote Brilliante Ave W
,,Norris,Cottage Ave
,,Hardy,Courtois St
,,Love,Covington Gardens Dr
,,Steele,Cowan St
,,Curry,Cozens Ave
,,Powers,Crabapple Ln
,,Schultz,Crane Cir
,,Barker,Crawford Ave
,,Guzman,Crawford Rd
,,Page,Creighton Dr
,,Munoz,Crescent Ave
,,Ball,Cricket Dr
,,Keller,Crittenden St
,,Chandler,Crosby Dr
,,Weber,Cuggiono Ct
,,Leonard,Cuggiono Pl
,,Walsh,Culver Way
,,Lyons,Cupples Pl
,,Ramsey,Cushing St
,,Wolfe,Cutter Ave
,,Schneider,Daggett Ave
,,Mullins,Dahlia Ave
,,Benson,Dakota St
,,Sharp,Dale Ave
,,Bowen,Dallas Dr
,,Daniel,Dalton Ave
,,Barber,Damato Ct
,,Cummings,Damon Ave
,,Hines,Darby St
,,Baldwin,Dardenne Dr
,,Griffith,Davis St
,,Valdez,Davison Ave
,,Hubbard,Dawson Ct
,,Salazar,Dayton St
,,Reeves,De Baliviere Ave
,,Warner,De Giverville Ave
,,Stevenson,De Soto Ave
,,Burgess,De Tonty St
,,Santos,Decatur Dr
,,Tate,Deer St
,,Cross,Dekalb St
,,Garner,Delmar Blvd
,,Mann,Delmonte Way
,,Mack,Delor St
,,Moss,Demenil Pl
,,Thornton,Dempsey Ave
,,Dennis,Des Peres Ave
,,Mcgee,Des Peres Rd
,,Farmer,Destrehan St
,,Delgado,Devlin St
,,Aguilar,Devolsey St
,,Vega,Devonshire Ave
,,Glover,Dewey Ave
,,Manning,Dianthan Ln
,,Cohen,Dick Gregory Pl
,,Harmon,Dickman Park Rd
,,Rodgers,Dickson Ave
,,Robbins,Didier Rd
,,Newton,Dillon Ct
,,Todd,Dillon Dr
,,Blair,Dillon St
,,Higgins,Dischinger Ct
,,Ingram,Division St
,,Reese,Dock St
,,Cannon,Doddridge St
,,Strickland,Dodier St
,,Townsend,Dodier St W
,,Potter,Dogtown Walk
,,Goodwin,Dolan Pl
,,Walton,Dolman St
,,Rowe,Donnell Ave
,,Hampton,Donovan Ave
,,Ortega,Donovan Dr
,,Patton,Donovan Pl
,,Swanson,Dorcas St
,,Joseph,Douglas St
,,Francis,Douglass St
,,Goodman,Dover Pl
,,Maldonado,Dover St
,,Yates,Dr Martin Luther King Bridge
,,Becker,Dr Martin Luther King Dr
,,Erickson,Dresden Ave
,,Hodges,Dressell Ave - 70 Industrial
,,Rios,Drury Ln
,,Conner,Dryden Ave
,,Adkins,Dryden Ct
,,Webster,Dugan Ave
,,Norman,Duke St
,,Malone,Duncan Ave
,,Hammond,Dunn Rd
,,Flowers,Dunnica Ave
,,Cobb,Durant Ave
,,,Dyson Ave
,,,E 14th St
,,,E 3rd St
,,,E Alice Ave
,,,E Athlone Ave
,,,E Carrie Ave
,,,E Catalan St
,,,E Clarence Ave
,,,E Cook Ave
,,,E Courtois St
,,,E Davis St
,,,E Dover St
,,,E Espenschied St
,,,E Evans Ave
,,,E Fair Ave
,,,E Fairview Dr
,,,E Gano Ave
,,,E Grand Ave
,,,E Grand Blvd
,,,E Harris Ave
,,,E Holly Ave
,,,E Iowa Ave
,,,E Jamieson Ave
,,,E John Ave
,,,E Krauss St
,,,E Lee Ave
,,,E Lookout Ct
,,,E Loughborough Ave
,,,E Maffitt Ave
,,,E Marceau St
,,,E Michigan Ave
,,,E Mott St
,,,E Nagel Ave
,,,E Norwood Dr
,,,E Poepping St
,,,E Primm St
,,,E Railroad Ave
,,,E Rd
,,,E Red Bud Ave
,,,E Robert Ave
,,,E Schirmer St
,,,E Soper St
,,,E Steins St
,,,E Taylor Ave
,,,E Tesson St
,,,E Virginia Ave
,,,E Warne Ave
,,,Eads Ave
,,,East Ct
,,,East Dr
,,,Eastgate Ave
,,,Ecoff Ave
,,,Edna St
,,,Edwards St
,,,Edwin St
,,,Eichelberger Dr
,,,Eichelberger St
,,,Eiler St
,,,Eitman Ave
,,,Elenore Ave
,,,Elgin Ave
,,,Elias Ave
,,,Elizabeth Ave
,,,Elizabeth Dr
,,,Ella Ave
,,,Ellendale Ave
,,,Ellendale Pl
,,,Ellenwood Ave
,,,Elliott Ave
,,,Elmbank Ave
,,,Elmer Ave
,,,Elmpoint Ln
,,,Elwood St
,,,Emerson Ave
,,,Emilie St
,,,Emily St
,,,Emma Ave
,,,Emmet St
,,,Enright Ave
,,,Era Ave
,,,Espenschied St
,,,Esplanade St
,,,Essex Pl
,,,Esther Ave
,,,Ethel Ave
,,,Eton Ln
,,,Etzel Ave
,,,Euclid Terrace
,,,Eugene Ave
,,,Eugenia St
,,,Evans Ave
,,,Eveline St
,,,Evergreen Pl
,,,Fair Ave
,,,Fairfax Ct E
,,,Fairfax Ct W
,,,Fairgrounds Pl
,,,Fairmount Ave
,,,Fairmount Ct
,,,Fairview Ave
